requirement,title,concept,page,url
The person's plan is revised based on assessment data and to meet the needs of the person.,Medicare and Medicaid Programs: Hospice Conditions of Participation,adjust_plan,32167,https://www.govinfo.gov/content/pkg/FR-2008-06-05/pdf/08-1305.pdf
The person's plan is revised based on assessment data and to meet the needs of the person.,Medicare and Medicaid Program: Conditions of Participation for Home Health Agencies,adjust_plan,4578,https://www.govinfo.gov/content/pkg/FR-2017-01-13/pdf/2017-00283.pdf
The person's plan is revised based on assessment data and to meet the needs of the person.,Medicare and Medicaid Programs; Programs of All-Inclusive Care for the Elderly (PACE),adjust_plan,25643,https://www.govinfo.gov/content/pkg/FR-2019-06-03/pdf/2019-11087.pdf
The person's plan is revised as soon as possible to include services they need.,Medicare and Medicaid Programs; Policy and Regulatory Revisions in Response to the COVID-19 Public Health Emergency,adjust_plan,19239,https://www.govinfo.gov/content/pkg/FR-2020-04-06/pdf/2020-06990.pdf
The person's plan is revised based on changes in their environment that affect their goals.,Medicare and Medicaid Programs; Policy and Regulatory Revisions in Response to the COVID-19 Public Health Emergency,adjust_plan,19239,https://www.govinfo.gov/content/pkg/FR-2020-04-06/pdf/2020-06990.pdf
The person's plan is revised as soon as possible to include services they need.,Medicare and Medicaid Programs; Programs of All-Inclusive Care for the Elderly (PACE); Program Revisions,adjust_plan,71288,https://www.govinfo.gov/content/pkg/FR-2006-12-08/pdf/E6-20544.pdf
The person has the opportunity to execute an advance directive before they need hospitalization.,Medicaid Program; Medicaid Managed Care,advance_directive,6240,https://www.govinfo.gov/content/pkg/FR-2001-01-19/pdf/01-1447.pdf
The person has the opportunity to execute an advance directive before they need hospitalization.,Medicaid Program; Medicaid Managed Care,advance_directive,6,https://www.govinfo.gov/content/pkg/FR-2001-01-19/pdf/01-1447.pdf
The person has the opportunity to execute an advance directive before they need hospitalization.,Medicaid Program; Medicaid Managed Care,advance_directive,6240,https://www.govinfo.gov/content/pkg/FR-2001-01-19/pdf/01-1447.pdf
The person has the opportunity to execute an advance directive before they need hospitalization.,Medicaid Program; Medicaid Managed Care,advance_directive,6240,https://www.govinfo.gov/content/pkg/FR-2001-01-19/pdf/01-1447.pdf
The person is provided with written information on advance directives.,Medicaid Program; Medicaid Managed Care,advance_directive,6380,https://www.govinfo.gov/content/pkg/FR-2001-01-19/pdf/01-1447.pdf
The person is provided with written information on advance directives.,Medicaid Program; Medicaid Managed Care,advance_directive,6381,https://www.govinfo.gov/content/pkg/FR-2001-01-19/pdf/01-1447.pdf
The person has the opportunity to execute an advance directive before they need hospitalization.,Medicaid Program; Medicaid Managed Care,advance_directive,6387,https://www.govinfo.gov/content/pkg/FR-2001-01-19/pdf/01-1447.pdf
The person is provided with written information on advance directives.,Medicaid Program; Medicaid Managed Care,advance_directive,6401,https://www.govinfo.gov/content/pkg/FR-2001-01-19/pdf/01-1447.pdf
The person is provided with written information on advance directives.,Medicaid Program; Medicaid Managed Care,advance_directive,6401,https://www.govinfo.gov/content/pkg/FR-2001-01-19/pdf/01-1447.pdf
The person is informed of their right to have advanced directives.,Medicare and Medicaid Programs; Conditions for Coverage for End-Stage Renal Disease Facilities,advance_directive,20387,https://www.govinfo.gov/content/pkg/FR-2008-04-15/pdf/08-1102.pdf
The person is not coerced or required an advance directive in their plan of care.,Medicare and Medicaid Programs; Conditions for Coverage for End-Stage Renal Disease Facilities,advance_directive,20399,https://www.govinfo.gov/content/pkg/FR-2008-04-15/pdf/08-1102.pdf
The person is not coerced or required an advance directive in their plan of care.,Medicare and Medicaid Programs; Conditions for Coverage for End-Stage Renal Disease Facilities,advance_directive,20399,https://www.govinfo.gov/content/pkg/FR-2008-04-15/pdf/08-1102.pdf
The person's record indicates if the person has an advance directive.,Medicare and Medicaid Programs; Conditions for Coverage for End-Stage Renal Disease Facilities,advance_directive,20445,https://www.govinfo.gov/content/pkg/FR-2008-04-15/pdf/08-1102.pdf
The person is provided with written information on advance directives.,Medicare and Medicaid Programs; Conditions for Coverage for End-Stage Renal Disease Facilities,advance_directive,20464,https://www.govinfo.gov/content/pkg/FR-2008-04-15/pdf/08-1102.pdf
The person's advance directive is a part of their Individual Plan of Service.,Medicare and Medicaid Programs: Hospice Conditions of Participation,advance_directive,32167,https://www.govinfo.gov/content/pkg/FR-2008-06-05/pdf/08-1305.pdf
The person is provided with written information on advance directives.,Medicare and Medicaid Programs: Hospice Conditions of Participation,advance_directive,32184,https://www.govinfo.gov/content/pkg/FR-2008-06-05/pdf/08-1305.pdf
The person is provided with written information on advance directives.,Medicare and Medicaid Programs: Hospice Conditions of Participation,advance_directive,32192,https://www.govinfo.gov/content/pkg/FR-2008-06-05/pdf/08-1305.pdf
The person is provided with written information on advance directives.,Medicare and Medicaid Programs: Hospice Conditions of Participation,advance_directive,32203,https://www.govinfo.gov/content/pkg/FR-2008-06-05/pdf/08-1305.pdf
The person is provided with written information on advance directives.,Medicare and Medicaid Programs: Hospice Conditions of Participation,advance_directive,32203,https://www.govinfo.gov/content/pkg/FR-2008-06-05/pdf/08-1305.pdf
The person's advance directive is included in their records.,Medicare and Medicaid Programs: Hospice Conditions of Participation,advance_directive,32203,https://www.govinfo.gov/content/pkg/FR-2008-06-05/pdf/08-1305.pdf
The person is informed of their right to have advanced directives.,Medicare and Medicaid Programs: Changes to the Hospital and Critical Access Hospital Conditions of Participation To Ensure Visitation Rights for All Patients,advance_directive,70833,https://www.govinfo.gov/content/pkg/FR-2010-11-19/pdf/2010-29194.pdf
The person is informed of their right to have advanced directives.,Medicare and Medicaid Programs: Changes to the Hospital and Critical Access Hospital Conditions of Participation To Ensure Visitation Rights for All Patients,advance_directive,70833,https://www.govinfo.gov/content/pkg/FR-2010-11-19/pdf/2010-29194.pdf
"The person has the opportunity to designate an individual at their representative, support person, or health care decision-maker.",Medicare and Medicaid Programs: Changes to the Hospital and Critical Access Hospital Conditions of Participation To Ensure Visitation Rights for All Patients,advance_directive,70841,https://www.govinfo.gov/content/pkg/FR-2010-11-19/pdf/2010-29194.pdf
"The person has the opportunity to designate an individual at their representative, support person, or health care decision-maker.",Medicare and Medicaid Programs: Changes to the Hospital and Critical Access Hospital Conditions of Participation To Ensure Visitation Rights for All Patients,advance_directive,70841,https://www.govinfo.gov/content/pkg/FR-2010-11-19/pdf/2010-29194.pdf
The person is informed of their right to have advanced directives.,Medicare and Medicaid Programs; Electronic Health Record Incentive Program-Stage 2,advance_directive,53979,https://www.govinfo.gov/content/pkg/FR-2012-09-04/pdf/2012-21050.pdf
The person is informed of their right to have advanced directives.,NA,advance_directive,27540,NA
The person is provided with written information on advance directives.,NA,advance_directive,27851,NA
The person is provided with written information on advance directives.,NA,advance_directive,27851,NA
The person is provided with written information on advance directives.,NA,advance_directive,27851,NA
The person is informed of their right to have advanced directives.,Medicare and Medicaid Programs; Reform of Requirements for Long-Term Care Facilities,advance_directive,68847,https://www.govinfo.gov/content/pkg/FR-2016-10-04/pdf/2016-23503.pdf
The person is informed of their right to have advanced directives.,Medicare and Medicaid Programs; Reform of Requirements for Long-Term Care Facilities,advance_directive,68847,https://www.govinfo.gov/content/pkg/FR-2016-10-04/pdf/2016-23503.pdf
The person is informed of their right to have advanced directives.,Medicare and Medicaid Programs; Reform of Requirements for Long-Term Care Facilities,advance_directive,68847,https://www.govinfo.gov/content/pkg/FR-2016-10-04/pdf/2016-23503.pdf
The person has the opportunity to have advanced directives explained to them by a qualified individual.,Medicare and Medicaid Programs; Programs of All-Inclusive Care for the Elderly (PACE); Program Revisions,advance_directive,71297,https://www.govinfo.gov/content/pkg/FR-2006-12-08/pdf/E6-20544.pdf
The person is informed of their right to have advanced directives.,Medicare and Medicaid Programs; Programs of All-Inclusive Care for the Elderly (PACE); Program Revisions,advance_directive,71297,https://www.govinfo.gov/content/pkg/FR-2006-12-08/pdf/E6-20544.pdf
The person's record indicates if the person has an advance directive.,Medicare and Medicaid Programs; Programs of All-Inclusive Car e for the Elderly (PACE); Program Revisions,advance_directive,71326,NA
The person's record indicates if the person has an advance directive.,Medicare and Medicaid Programs; Programs of All-Inclusive Care for the Elderly (PACE); Program Revisions,advance_directive,71326,https://www.govinfo.gov/content/pkg/FR-2006-12-08/pdf/E6-20544.pdf
The person has the opportunity to have advanced directives explained to them by a qualified individual.,Medicare and Medicaid Programs; Programs of All-Inclusive Care for the Elderly (PACE); Program Revisions,advance_directive,71329,https://www.govinfo.gov/content/pkg/FR-2006-12-08/pdf/E6-20544.pdf
The person is informed of their right to have advanced directives.,Medicaid Provider Manual,advance_directive,1303,http://www.mdch.state.mi.us/dch-medicaid/manuals/MedicaidProviderManual.pdf
The person is informed of their right to have advanced directives.,Mental Health Code,advance_directive,77,http://www.legislature.mi.gov/(S(qr2u0bkp1imjhh3nvgppy1og))/printDocument.aspx?objectName=mcl-Act-258-of-1974&version=pdf
The person's advanced directive is reviewed and upheld by service providers.,Mental Health Code,advance_directive,78,http://www.legislature.mi.gov/(S(qr2u0bkp1imjhh3nvgppy1og))/printDocument.aspx?objectName=mcl-Act-258-of-1974&version=pdf
The person is provided with written information on advance directives.,FY20 PIHP Contract Bundle,advance_directive,67,docs/FY20 PIHP Contract Bundle.pdf
The person is provided with written information on advance directives.,FY20 PIHP Contract Bundle,advance_directive,67,docs/FY20 PIHP Contract Bundle.pdf
The person is provided with written information on advance directives.,FY20 PIHP Contract Bundle,advance_directive,From,docs/FY20 PIHP Contract Bundle.pdf
The person is informed of the process of grievance if advanced directive rights are not fulfilled or denied.,FY20 PIHP Contract Bundle,advance_directive,67,docs/FY20 PIHP Contract Bundle.pdf
The person's care options are not limited because of their advanced directive or lack of advanced directive.,FY20 PIHP Contract Bundle,advance_directive,67,docs/FY20 PIHP Contract Bundle.pdf
The person is informed of their right to have advanced directives.,FY20 PIHP Contract Bundle,advance_directive,258,docs/FY20 PIHP Contract Bundle.pdf
The person is informed of their right to have advanced directives.,FY20 PIHP Contract Bundle,advance_directive,258,docs/FY20 PIHP Contract Bundle.pdf
The person is informed of their right to have advanced directives.,FY20 PIHP Contract Bundle,advance_directive,258,docs/FY20 PIHP Contract Bundle.pdf
The person is informed of their right to have advanced directives.,FY20 PIHP Contract Bundle,advance_directive,258,docs/FY20 PIHP Contract Bundle.pdf
The person is informed of their right to have advanced directives.,FY20 PIHP Contract Bundle,advance_directive,258,docs/FY20 PIHP Contract Bundle.pdf
The person is informed of their right to have advanced directives.,FY20 PIHP Contract Bundle,advance_directive,258,docs/FY20 PIHP Contract Bundle.pdf
The person is informed of the process of grievance if advanced directive rights are not fulfilled or denied.,FY20 PIHP Contract Bundle,advance_directive,259,docs/FY20 PIHP Contract Bundle.pdf
The person is informed of the process of grievance if advanced directive rights are not fulfilled or denied.,FY20 PIHP Contract Bundle,advance_directive,259,docs/FY20 PIHP Contract Bundle.pdf
The behavior treatment plan is a part of the individual plan of service (IPOS).,Behavior Treatment Plans Technical Requirement,behavior_treatment_plan,5,https://www.michigan.gov/documents/mdhhs/Technical_Requirement_for_Behavior_Treatment_Plans_702787_7.pdf
The person's plan is free of restrictive services OR the person's plan contains restrictive services with a behavior treatment plan.,Medicaid Provider Manual,behavior_treatment_plan,329,http://www.mdch.state.mi.us/dch-medicaid/manuals/MedicaidProviderManual.pdf
The person's plan is free of restrictive services OR the person's plan contains restrictive services with a behavior treatment plan.,Medicaid Provider Manual,behavior_treatment_plan,329,http://www.mdch.state.mi.us/dch-medicaid/manuals/MedicaidProviderManual.pdf
The person's behavior treatment plan is adjusted based on data collected by the provider.,Medicaid Provider Manual,behavior_treatment_plan,480,http://www.mdch.state.mi.us/dch-medicaid/manuals/MedicaidProviderManual.pdf
The person's behavior treatment plan is adjusted based on data collected by the provider.,Medicaid Provider Manual,behavior_treatment_plan,480,http://www.mdch.state.mi.us/dch-medicaid/manuals/MedicaidProviderManual.pdf
The person's behavior treatment plan is adjusted based on data collected by the provider.,Medicaid Provider Manual,behavior_treatment_plan,480,http://www.mdch.state.mi.us/dch-medicaid/manuals/MedicaidProviderManual.pdf
The person's behavior treatment plan is adjusted based on data collected by the provider.,Medicaid Provider Manual,behavior_treatment_plan,480,http://www.mdch.state.mi.us/dch-medicaid/manuals/MedicaidProviderManual.pdf
The person's crisis plan is implemented with permission from the person.,Medicaid Provider Manual,crisis_plan,339,http://www.mdch.state.mi.us/dch-medicaid/manuals/MedicaidProviderManual.pdf
The staff member providing targeted case management is assisting the individual with crisis planning.,Medicaid Provider Manual,crisis_plan,414,http://www.mdch.state.mi.us/dch-medicaid/manuals/MedicaidProviderManual.pdf
The person's crisis plan is implemented with permission from the person.,Medicaid Provider Manual,crisis_plan,699,http://www.mdch.state.mi.us/dch-medicaid/manuals/MedicaidProviderManual.pdf
The person has access to their crisis plan.,FY20 PIHP Contract Bundle,crisis_plan,704,docs/FY20 PIHP Contract Bundle.pdf
The person's discharge plan and post-discharge plan are included in the Individual Plan of Service.,Medicare and Medicaid Programs; Emergency Preparedness Requirements for Medicare and Medicaid Participating Providers and Suppliers,discharge_plan,63903,https://www.govinfo.gov/content/pkg/FR-2016-09-16/pdf/2016-21404.pdf
The person has a discharge plan.,Medicare and Medicaid Programs; Reform of Requirements for Long-Term Care Facilities,discharge_plan,68738,https://www.govinfo.gov/content/pkg/FR-2016-10-04/pdf/2016-23503.pdf
The person's discharge plan includes their goals and treatment preferences.,Medicare and Medicaid Programs; Reform of Requirements for Long-Term Care Facilities,discharge_plan,68738,https://www.govinfo.gov/content/pkg/FR-2016-10-04/pdf/2016-23503.pdf
The person's interest /disinterest in returning to the community is documented in the discharge plan.,Medicare and Medicaid Programs; Reform of Requirements for Long-Term Care Facilities,discharge_plan,68738,https://www.govinfo.gov/content/pkg/FR-2016-10-04/pdf/2016-23503.pdf
The person's return to a non-community setting is documented in the discharge plan with the reason and the individual who made the decision.,Medicare and Medicaid Programs; Reform of Requirements for Long-Term Care Facilities,discharge_plan,68738,https://www.govinfo.gov/content/pkg/FR-2016-10-04/pdf/2016-23503.pdf
The person's return to a non-community setting is documented in the discharge plan with the reason and the individual who made the decision.,Medicare and Medicaid Programs; Reform of Requirements for Long-Term Care Facilities,discharge_plan,68738,https://www.govinfo.gov/content/pkg/FR-2016-10-04/pdf/2016-23503.pdf
The person's discharge plan is completed quickly based on the individual's needs.,Medicare and Medicaid Programs; Reform of Requirements for Long-Term Care Facilities,discharge_plan,68738,https://www.govinfo.gov/content/pkg/FR-2016-10-04/pdf/2016-23503.pdf
The person's discharge plan is completed quickly based on the individual's needs.,Medicare and Medicaid Programs; Reform of Requirements for Long-Term Care Facilities,discharge_plan,68738,https://www.govinfo.gov/content/pkg/FR-2016-10-04/pdf/2016-23503.pdf
The person's discharge plan includes directions about medication.,Medicare and Medicaid Programs; Reform of Requirements for Long-Term Care Facilities,discharge_plan,68738,https://www.govinfo.gov/content/pkg/FR-2016-10-04/pdf/2016-23503.pdf
The person's discharge is completed in collaboration with all individuals the person chooses.,Medicare and Medicaid Programs; Reform of Requirements for Long-Term Care Facilities,discharge_plan,68738,https://www.govinfo.gov/content/pkg/FR-2016-10-04/pdf/2016-23503.pdf
The person's discharge plan is completed quickly based on the individual's needs.,Medicare and Medicaid Programs; Reform of Requirements for Long-Term Care Facilities,discharge_plan,68847,https://www.govinfo.gov/content/pkg/FR-2016-10-04/pdf/2016-23503.pdf
the person's discharge plan is regularly evaluated and modified as needed.,Medicare and Medicaid Programs; Reform of Requirements for Long-Term Care Facilities,discharge_plan,68847,https://www.govinfo.gov/content/pkg/FR-2016-10-04/pdf/2016-23503.pdf
The personâ€™s plan is reviewed by a qualified interdisciplinary team.,Medicare and Medicaid Programs; Reform of Requirements for Long-Term Care Facilities,discharge_plan,68847,https://www.govinfo.gov/content/pkg/FR-2016-10-04/pdf/2016-23503.pdf
The person's discharge plan includes information on caregiver support and capacity.,Medicare and Medicaid Programs; Reform of Requirements for Long-Term Care Facilities,discharge_plan,68847,https://www.govinfo.gov/content/pkg/FR-2016-10-04/pdf/2016-23503.pdf
The person or their caregiver/support person is informed of the final discharge plan.,Medicare and Medicaid Programs; Reform of Requirements for Long-Term Care Facilities,discharge_plan,68847,https://www.govinfo.gov/content/pkg/FR-2016-10-04/pdf/2016-23503.pdf
The person's discharge plan is completed quickly based on the individual's needs.,Medicare and Medicaid Programs; Reform of Requirements for Long-Term Care Facilities,discharge_plan,68847,https://www.govinfo.gov/content/pkg/FR-2016-10-04/pdf/2016-23503.pdf
The person or their caregiver/support person has access to the person's discharge plan.,"Medicare and Medicaid Programs; Revisions to Requirements for Discharge Planning for Hospitals, Critical Access Hospitals, and Home Health Agencies, and Hospital and Critical Access Hospital Changes to Promote Innovation, Flexibility, and Improvement in Patient Care",discharge_plan,51838,https://www.govinfo.gov/content/pkg/FR-2019-09-30/pdf/2019-20732.pdf
The person has a discharge plan.,"Medicare and Medicaid Programs; Revisions to Requirements for Discharge Planning for Hospitals, Critical Access Hospitals, and Home Health Agencies, and Hospital and Critical Access Hospital Changes to Promote Innovation, Flexibility, and Improvement in Patient Care",discharge_plan,51848,https://www.govinfo.gov/content/pkg/FR-2019-09-30/pdf/2019-20732.pdf
The person has a discharge plan.,"Medicare and Medicaid Programs; Revisions to Requirements for Discharge Planning for Hospitals, Critical Access Hospitals, and Home Health Agencies, and Hospital and Critical Access Hospital Changes to Promote Innovation, Flexibility, and Improvement in Patient Care",discharge_plan,51848,https://www.govinfo.gov/content/pkg/FR-2019-09-30/pdf/2019-20732.pdf
The person has a discharge plan.,"Medicare and Medicaid Programs; Revisions to Requirements for Discharge Planning for Hospitals, Critical Access Hospitals, and Home Health Agencies, and Hospital and Critical Access Hospital Changes to Promote Innovation, Flexibility, and Improvement in Patient Care",discharge_plan,51849,https://www.govinfo.gov/content/pkg/FR-2019-09-30/pdf/2019-20732.pdf
The person has a discharge plan.,"Medicare and Medicaid Programs; Revisions to Requirements for Discharge Planning for Hospitals, Critical Access Hospitals, and Home Health Agencies, and Hospital and Critical Access Hospital Changes to Promote Innovation, Flexibility, and Improvement in Patient Care",discharge_plan,51849,https://www.govinfo.gov/content/pkg/FR-2019-09-30/pdf/2019-20732.pdf
"The person's discharge plan includes goals, preferences, and needs of the person.","Medicare and Medicaid Programs; Revisions to Requirements for Discharge Planning for Hospitals, Critical Access Hospitals, and Home Health Agencies, and Hospital and Critical Access Hospital Changes to Promote Innovation, Flexibility, and Improvement in Patient Care",discharge_plan,51850,https://www.govinfo.gov/content/pkg/FR-2019-09-30/pdf/2019-20732.pdf
The person's discharge plan is developed with assistance of a qualified individual.,"Medicare and Medicaid Programs; Revisions to Requirements for Discharge Planning for Hospitals, Critical Access Hospitals, and Home Health Agencies, and Hospital and Critical Access Hospital Changes to Promote Innovation, Flexibility, and Improvement in Patient Care",discharge_plan,51850,https://www.govinfo.gov/content/pkg/FR-2019-09-30/pdf/2019-20732.pdf
The person's discharge plan is adjusted quickly based on the individual's needs.,"Medicare and Medicaid Programs; Revisions to Requirements for Discharge Planning for Hospitals, Critical Access Hospitals, and Home Health Agencies, and Hospital and Critical Access Hospital Changes to Promote Innovation, Flexibility, and Improvement in Patient Care",discharge_plan,51850,https://www.govinfo.gov/content/pkg/FR-2019-09-30/pdf/2019-20732.pdf
"The person's discharge plan includes goals, preferences, and needs of the person.","Medicare and Medicaid Programs; Revisions to Requirements for Discharge Planning for Hospitals, Critical Access Hospitals, and Home Health Agencies, and Hospital and Critical Access Hospital Changes to Promote Innovation, Flexibility, and Improvement in Patient Care",discharge_plan,51850,https://www.govinfo.gov/content/pkg/FR-2019-09-30/pdf/2019-20732.pdf
The person's discharge is completed in collaboration with all individuals the person chooses.,"Medicare and Medicaid Programs; Revisions to Requirements for Discharge Planning for Hospitals, Critical Access Hospitals, and Home Health Agencies, and Hospital and Critical Access Hospital Changes to Promote Innovation, Flexibility, and Improvement in Patient Care",discharge_plan,51850,https://www.govinfo.gov/content/pkg/FR-2019-09-30/pdf/2019-20732.pdf
"The person's discharge plan includes goals, preferences, and needs of the person.","Medicare and Medicaid Programs; Revisions to Requirements for Discharge Planning for Hospitals, Critical Access Hospitals, and Home Health Agencies, and Hospital and Critical Access Hospital Changes to Promote Innovation, Flexibility, and Improvement in Patient Care",discharge_plan,51850,https://www.govinfo.gov/content/pkg/FR-2019-09-30/pdf/2019-20732.pdf
The person's discharge plan is completed quickly based on the individual's needs.,"Medicare and Medicaid Programs; Revisions to Requirements for Discharge Planning for Hospitals, Critical Access Hospitals, and Home Health Agencies, and Hospital and Critical Access Hospital Changes to Promote Innovation, Flexibility, and Improvement in Patient Care",discharge_plan,51850,https://www.govinfo.gov/content/pkg/FR-2019-09-30/pdf/2019-20732.pdf
The person's discharge plan is developed with assistance of a qualified individual.,"Medicare and Medicaid Programs; Revisions to Requirements for Discharge Planning for Hospitals, Critical Access Hospitals, and Home Health Agencies, and Hospital and Critical Access Hospital Changes to Promote Innovation, Flexibility, and Improvement in Patient Care",discharge_plan,51850,https://www.govinfo.gov/content/pkg/FR-2019-09-30/pdf/2019-20732.pdf
The person's discharge plan is adjusted quickly based on the individual's needs.,"Medicare and Medicaid Programs; Revisions to Requirements for Discharge Planning for Hospitals, Critical Access Hospitals, and Home Health Agencies, and Hospital and Critical Access Hospital Changes to Promote Innovation, Flexibility, and Improvement in Patient Care",discharge_plan,51850,https://www.govinfo.gov/content/pkg/FR-2019-09-30/pdf/2019-20732.pdf
The person's discharge plan is adjusted quickly based on the individual's needs.,"Medicare and Medicaid Programs; Revisions to Requirements for Discharge Planning for Hospitals, Critical Access Hospitals, and Home Health Agencies, and Hospital and Critical Access Hospital Changes to Promote Innovation, Flexibility, and Improvement in Patient Care",discharge_plan,51850,https://www.govinfo.gov/content/pkg/FR-2019-09-30/pdf/2019-20732.pdf
The person or their caregiver/support person are informed of the discharge plan.,"Medicare and Medicaid Programs; Revisions to Requirements for Discharge Planning for Hospitals, Critical Access Hospitals, and Home Health Agencies, and Hospital and Critical Access Hospital Changes to Promote Innovation, Flexibility, and Improvement in Patient Care",discharge_plan,51850,https://www.govinfo.gov/content/pkg/FR-2019-09-30/pdf/2019-20732.pdf
"The person's discharge plan includes goals, preferences, and needs of the person.","Medicare and Medicaid Programs; Revisions to Requirements for Discharge Planning for Hospitals, Critical Access Hospitals, and Home Health Agencies, and Hospital and Critical Access Hospital Changes to Promote Innovation, Flexibility, and Improvement in Patient Care",discharge_plan,51850,https://www.govinfo.gov/content/pkg/FR-2019-09-30/pdf/2019-20732.pdf
The person's discharge plan is adjusted quickly based on the individual's needs.,"Medicare and Medicaid Programs; Revisions to Requirements for Discharge Planning for Hospitals, Critical Access Hospitals, and Home Health Agencies, and Hospital and Critical Access Hospital Changes to Promote Innovation, Flexibility, and Improvement in Patient Care",discharge_plan,51864,https://www.govinfo.gov/content/pkg/FR-2019-09-30/pdf/2019-20732.pdf
The person's discharge plan is adjusted quickly based on the individual's needs.,"Medicare and Medicaid Programs; Revisions to Requirements for Discharge Planning for Hospitals, Critical Access Hospitals, and Home Health Agencies, and Hospital and Critical Access Hospital Changes to Promote Innovation, Flexibility, and Improvement in Patient Care",discharge_plan,51864,https://www.govinfo.gov/content/pkg/FR-2019-09-30/pdf/2019-20732.pdf
The person's discharge plan is adjusted quickly based on the individual's needs.,"Medicare and Medicaid Programs; Revisions to Requirements for Discharge Planning for Hospitals, Critical Access Hospitals, and Home Health Agencies, and Hospital and Critical Access Hospital Changes to Promote Innovation, Flexibility, and Improvement in Patient Care",discharge_plan,51864,https://www.govinfo.gov/content/pkg/FR-2019-09-30/pdf/2019-20732.pdf
The person's discharge plan is adjusted quickly based on the individual's needs.,"Medicare and Medicaid Programs; Revisions to Requirements for Discharge Planning for Hospitals, Critical Access Hospitals, and Home Health Agencies, and Hospital and Critical Access Hospital Changes to Promote Innovation, Flexibility, and Improvement in Patient Care",discharge_plan,51864,https://www.govinfo.gov/content/pkg/FR-2019-09-30/pdf/2019-20732.pdf
The person's discharge plan is adjusted quickly based on the individual's needs.,"Medicare and Medicaid Programs; Revisions to Requirements for Discharge Planning for Hospitals, Critical Access Hospitals, and Home Health Agencies, and Hospital and Critical Access Hospital Changes to Promote Innovation, Flexibility, and Improvement in Patient Care",discharge_plan,51864,https://www.govinfo.gov/content/pkg/FR-2019-09-30/pdf/2019-20732.pdf
The person's physician who is responsible for the home health plan of care is involved in the development of a discharge plan.,"Medicare and Medicaid Programs; Revisions to Requirements for Discharge Planning for Hospitals, Critical Access Hospitals, and Home Health Agencies, and Hospital and Critical Access Hospital Changes to Promote Innovation, Flexibility, and Improvement in Patient Care",discharge_plan,51864,https://www.govinfo.gov/content/pkg/FR-2019-09-30/pdf/2019-20732.pdf
The person's discharge plan is completed in collaboration with all individuals the person chooses.,"Medicare and Medicaid Programs; Revisions to Requirements for Discharge Planning for Hospitals, Critical Access Hospitals, and Home Health Agencies, and Hospital and Critical Access Hospital Changes to Promote Innovation, Flexibility, and Improvement in Patient Care",discharge_plan,51864,https://www.govinfo.gov/content/pkg/FR-2019-09-30/pdf/2019-20732.pdf
"The person's discharge plan includes goals, preferences, and needs of the person.","Medicare and Medicaid Programs; Revisions to Requirements for Discharge Planning for Hospitals, Critical Access Hospitals, and Home Health Agencies, and Hospital and Critical Access Hospital Changes to Promote Innovation, Flexibility, and Improvement in Patient Care",discharge_plan,51864,https://www.govinfo.gov/content/pkg/FR-2019-09-30/pdf/2019-20732.pdf
The person's discharge plan is adjusted quickly based on the individual's needs.,"Medicare and Medicaid Programs; Revisions to Requirements for Discharge Planning for Hospitals, Critical Access Hospitals, and Home Health Agencies, and Hospital and Critical Access Hospital Changes to Promote Innovation, Flexibility, and Improvement in Patient Care",discharge_plan,51864,https://www.govinfo.gov/content/pkg/FR-2019-09-30/pdf/2019-20732.pdf
The person has a discharge plan.,"Medicare and Medicaid Programs; Revisions to Requirements for Discharge Planning for Hospitals, Critical Access Hospitals, and Home Health Agencies, and Hospital and Critical Access Hospital Changes to Promote Innovation, Flexibility, and Improvement in Patient Care",discharge_plan,51870,https://www.govinfo.gov/content/pkg/FR-2019-09-30/pdf/2019-20732.pdf
The person has a discharge plan.,"Medicare and Medicaid Programs; Revisions to Requirements for Discharge Planning for Hospitals, Critical Access Hospitals, and Home Health Agencies, and Hospital and Critical Access Hospital Changes to Promote Innovation, Flexibility, and Improvement in Patient Care",discharge_plan,51871,https://www.govinfo.gov/content/pkg/FR-2019-09-30/pdf/2019-20732.pdf
The person has a discharge plan.,"Medicare and Medicaid Programs; Revisions to Requirements for Discharge Planning for Hospitals, Critical Access Hospitals, and Home Health Agencies, and Hospital and Critical Access Hospital Changes to Promote Innovation, Flexibility, and Improvement in Patient Care",discharge_plan,51871,https://www.govinfo.gov/content/pkg/FR-2019-09-30/pdf/2019-20732.pdf
The person's discharge plan is developed with assistance of a qualified individual.,"Medicare and Medicaid Programs; Revisions to Requirements for Discharge Planning for Hospitals, Critical Access Hospitals, and Home Health Agencies, and Hospital and Critical Access Hospital Changes to Promote Innovation, Flexibility, and Improvement in Patient Care",discharge_plan,51871,https://www.govinfo.gov/content/pkg/FR-2019-09-30/pdf/2019-20732.pdf
The person's discharge plan is adjusted quickly based on the individual's needs.,"Medicare and Medicaid Programs; Revisions to Requirements for Discharge Planning for Hospitals, Critical Access Hospitals, and Home Health Agencies, and Hospital and Critical Access Hospital Changes to Promote Innovation, Flexibility, and Improvement in Patient Care",discharge_plan,51871,https://www.govinfo.gov/content/pkg/FR-2019-09-30/pdf/2019-20732.pdf
The person's discharge plan is adjusted quickly based on the individual's needs.,"Medicare and Medicaid Programs; Revisions to Requirements for Discharge Planning for Hospitals, Critical Access Hospitals, and Home Health Agencies, and Hospital and Critical Access Hospital Changes to Promote Innovation, Flexibility, and Improvement in Patient Care",discharge_plan,51871,https://www.govinfo.gov/content/pkg/FR-2019-09-30/pdf/2019-20732.pdf
The person's physician who is responsible for the home health plan of care is involved in the development of a discharge plan.,"Medicare and Medicaid Programs; Revisions to Requirements for Discharge Planning for Hospitals, Critical Access Hospitals, and Home Health Agencies, and Hospital and Critical Access Hospital Changes to Promote Innovation, Flexibility, and Improvement in Patient Care",discharge_plan,51871,https://www.govinfo.gov/content/pkg/FR-2019-09-30/pdf/2019-20732.pdf
The needs of the person's caregiver/support person are documented and addressed in the discharge plan.,"Medicare and Medicaid Programs; Revisions to Requirements for Discharge Planning for Hospitals, Critical Access Hospitals, and Home Health Agencies, and Hospital and Critical Access Hospital Changes to Promote Innovation, Flexibility, and Improvement in Patient Care",discharge_plan,51871,https://www.govinfo.gov/content/pkg/FR-2019-09-30/pdf/2019-20732.pdf
The person or their caregiver/support person has access to the person's discharge plan.,"Medicare and Medicaid Programs; Revisions to Requirements for Discharge Planning for Hospitals, Critical Access Hospitals, and Home Health Agencies, and Hospital and Critical Access Hospital Changes to Promote Innovation, Flexibility, and Improvement in Patient Care",discharge_plan,51871,https://www.govinfo.gov/content/pkg/FR-2019-09-30/pdf/2019-20732.pdf
"The person's discharge plan includes goals, preferences, and needs of the person.","Medicare and Medicaid Programs; Revisions to Requirements for Discharge Planning for Hospitals, Critical Access Hospitals, and Home Health Agencies, and Hospital and Critical Access Hospital Changes to Promote Innovation, Flexibility, and Improvement in Patient Care",discharge_plan,51871,https://www.govinfo.gov/content/pkg/FR-2019-09-30/pdf/2019-20732.pdf
"The person's discharge plan includes goals, preferences, and needs of the person.","Medicare and Medicaid Programs; Revisions to Requirements for Discharge Planning for Hospitals, Critical Access Hospitals, and Home Health Agencies, and Hospital and Critical Access Hospital Changes to Promote Innovation, Flexibility, and Improvement in Patient Care",discharge_plan,51871,https://www.govinfo.gov/content/pkg/FR-2019-09-30/pdf/2019-20732.pdf
"The person's discharge plan includes goals, preferences, and needs of the person.","Medicare and Medicaid Programs; Revisions to Requirements for Discharge Planning for Hospitals, Critical Access Hospitals, and Home Health Agencies, and Hospital and Critical Access Hospital Changes to Promote Innovation, Flexibility, and Improvement in Patient Care",discharge_plan,51871,https://www.govinfo.gov/content/pkg/FR-2019-09-30/pdf/2019-20732.pdf
The person's discharge plan is completed quickly based on the individual's needs.,"Medicare and Medicaid Programs; Revisions to Requirements for Discharge Planning for Hospitals, Critical Access Hospitals, and Home Health Agencies, and Hospital and Critical Access Hospital Changes to Promote Innovation, Flexibility, and Improvement in Patient Care",discharge_plan,51871,https://www.govinfo.gov/content/pkg/FR-2019-09-30/pdf/2019-20732.pdf
The person or their representative are informed of the discharge plan.,"Medicare and Medicaid Programs; Revisions to Requirements for Discharge Planning for Hospitals, Critical Access Hospitals, and Home Health Agencies, and Hospital and Critical Access Hospital Changes to Promote Innovation, Flexibility, and Improvement in Patient Care",discharge_plan,51871,https://www.govinfo.gov/content/pkg/FR-2019-09-30/pdf/2019-20732.pdf
The person or the person's caregiver/support person are included in the development of the discharge plan.,"Medicare and Medicaid Programs; Revisions to Requirements for Discharge Planning for Hospitals, Critical Access Hospitals, and Home Health Agencies, and Hospital and Critical Access Hospital Changes to Promote Innovation, Flexibility, and Improvement in Patient Care",discharge_plan,51871,https://www.govinfo.gov/content/pkg/FR-2019-09-30/pdf/2019-20732.pdf
The person's discharge plan includes their goals and treatment preferences.,"Medicare and Medicaid Programs; Revisions to Requirements for Discharge Planning for Hospitals, Critical Access Hospitals, and Home Health Agencies, and Hospital and Critical Access Hospital Changes to Promote Innovation, Flexibility, and Improvement in Patient Care",discharge_plan,51871,https://www.govinfo.gov/content/pkg/FR-2019-09-30/pdf/2019-20732.pdf
The person's discharge plan includes written information on when to seek emergency medical attention.,"Medicare and Medicaid Programs; Revisions to Requirements for Discharge Planning for Hospitals, Critical Access Hospitals, and Home Health Agencies, and Hospital and Critical Access Hospital Changes to Promote Innovation, Flexibility, and Improvement in Patient Care",discharge_plan,51873,https://www.govinfo.gov/content/pkg/FR-2019-09-30/pdf/2019-20732.pdf
The person or the person's caregiver/support person are included in the development of the discharge plan.,"Medicare and Medicaid Programs; Revisions to Requirements for Discharge Planning for Hospitals, Critical Access Hospitals, and Home Health Agencies, and Hospital and Critical Access Hospital Changes to Promote Innovation, Flexibility, and Improvement in Patient Care",discharge_plan,51874,https://www.govinfo.gov/content/pkg/FR-2019-09-30/pdf/2019-20732.pdf
The person has a discharge plan.,"Medicare and Medicaid Programs; Revisions to Requirements for Discharge Planning for Hospitals, Critical Access Hospitals, and Home Health Agencies, and Hospital and Critical Access Hospital Changes to Promote Innovation, Flexibility, and Improvement in Patient Care",discharge_plan,51876,https://www.govinfo.gov/content/pkg/FR-2019-09-30/pdf/2019-20732.pdf
The person's discharge plan is developed with assistance of a qualified individual.,"Medicare and Medicaid Programs; Revisions to Requirements for Discharge Planning for Hospitals, Critical Access Hospitals, and Home Health Agencies, and Hospital and Critical Access Hospital Changes to Promote Innovation, Flexibility, and Improvement in Patient Care",discharge_plan,51876,https://www.govinfo.gov/content/pkg/FR-2019-09-30/pdf/2019-20732.pdf
The person's discharge plan is completed quickly based on the individual's needs.,"Medicare and Medicaid Programs; Revisions to Requirements for Discharge Planning for Hospitals, Critical Access Hospitals, and Home Health Agencies, and Hospital and Critical Access Hospital Changes to Promote Innovation, Flexibility, and Improvement in Patient Care",discharge_plan,51876,https://www.govinfo.gov/content/pkg/FR-2019-09-30/pdf/2019-20732.pdf
The person's discharge plan includes their goals and treatment preferences.,"Medicare and Medicaid Programs; Revisions to Requirements for Discharge Planning for Hospitals, Critical Access Hospitals, and Home Health Agencies, and Hospital and Critical Access Hospital Changes to Promote Innovation, Flexibility, and Improvement in Patient Care",discharge_plan,51882,https://www.govinfo.gov/content/pkg/FR-2019-09-30/pdf/2019-20732.pdf
The person or their representative are informed of the discharge plan.,"Medicare and Medicaid Programs; Revisions to Requirements for Discharge Planning for Hospitals, Critical Access Hospitals, and Home Health Agencies, and Hospital and Critical Access Hospital Changes to Promote Innovation, Flexibility, and Improvement in Patient Care",discharge_plan,51882,https://www.govinfo.gov/content/pkg/FR-2019-09-30/pdf/2019-20732.pdf
The person has a discharge plan.,"Medicare and Medicaid Programs; Revisions to Requirements for Discharge Planning for Hospitals, Critical Access Hospitals, and Home Health Agencies, and Hospital and Critical Access Hospital Changes to Promote Innovation, Flexibility, and Improvement in Patient Care",discharge_plan,51882,https://www.govinfo.gov/content/pkg/FR-2019-09-30/pdf/2019-20732.pdf
The person's discharge plan is developed with assistance of a qualified individual.,"Medicare and Medicaid Programs; Revisions to Requirements for Discharge Planning for Hospitals, Critical Access Hospitals, and Home Health Agencies, and Hospital and Critical Access Hospital Changes to Promote Innovation, Flexibility, and Improvement in Patient Care",discharge_plan,51882,https://www.govinfo.gov/content/pkg/FR-2019-09-30/pdf/2019-20732.pdf
The person's discharge plan is completed quickly based on the individual's needs.,"Medicare and Medicaid Programs; Revisions to Requirements for Discharge Planning for Hospitals, Critical Access Hospitals, and Home Health Agencies, and Hospital and Critical Access Hospital Changes to Promote Innovation, Flexibility, and Improvement in Patient Care",discharge_plan,51882,https://www.govinfo.gov/content/pkg/FR-2019-09-30/pdf/2019-20732.pdf
The person's discharge plan is completed quickly based on the individual's needs.,"Medicare and Medicaid Programs; Revisions to Requirements for Discharge Planning for Hospitals, Critical Access Hospitals, and Home Health Agencies, and Hospital and Critical Access Hospital Changes to Promote Innovation, Flexibility, and Improvement in Patient Care",discharge_plan,51882,https://www.govinfo.gov/content/pkg/FR-2019-09-30/pdf/2019-20732.pdf
The person's discharge plan identifies conflict of interests between hospitals and referral organizations.,"Medicare and Medicaid Programs; Revisions to Requirements for Discharge Planning for Hospitals, Critical Access Hospitals, and Home Health Agencies, and Hospital and Critical Access Hospital Changes to Promote Innovation, Flexibility, and Improvement in Patient Care",discharge_plan,51882,https://www.govinfo.gov/content/pkg/FR-2019-09-30/pdf/2019-20732.pdf
The person's discharge plan includes their goals and treatment preferences.,"Medicare and Medicaid Programs; Revisions to Requirements for Discharge Planning for Hospitals, Critical Access Hospitals, and Home Health Agencies, and Hospital and Critical Access Hospital Changes to Promote Innovation, Flexibility, and Improvement in Patient Care",discharge_plan,51882,https://www.govinfo.gov/content/pkg/FR-2019-09-30/pdf/2019-20732.pdf
The person or their caregiver/support person has access to the person's discharge plan.,"Medicare and Medicaid Programs; Revisions to Requirements for Discharge Planning for Hospitals, Critical Access Hospitals, and Home Health Agencies, and Hospital and Critical Access Hospital Changes to Promote Innovation, Flexibility, and Improvement in Patient Care",discharge_plan,51882,https://www.govinfo.gov/content/pkg/FR-2019-09-30/pdf/2019-20732.pdf
The person or their caregiver/support person has access to the person's discharge plan.,"Medicare and Medicaid Programs; Regulatory Provisions To Promote Program Efficiency, Transparency, and Burden Reduction; Fire Safety Requirements for Certain Dialysis Facilities; Hospital and Critical Access Hospital (CAH) Changes To Promote Innovation, Flexibility, and Improvement in Patient Care",discharge_plan,51813,https://www.govinfo.gov/content/pkg/FR-2019-09-30/pdf/2019-20736.pdf
The person has a discharge plan.,"Medicare and Medicaid Programs; Regulatory Provisions To Promote Program Efficiency, Transparency, and Burden Reduction; Fire Safety Requirements for Certain Dialysis Facilities; Hospital and Critical Access Hospital (CAH) Changes To Promote Innovation, Flexibility, and Improvement in Patient Care",discharge_plan,51813,https://www.govinfo.gov/content/pkg/FR-2019-09-30/pdf/2019-20736.pdf
The person has a discharge plan.,"Medicare and Medicaid Programs; Regulatory Provisions To Promote Program Efficiency, Transparency, and Burden Reduction; Fire Safety Requirements for Certain Dialysis Facilities; Hospital and Critical Access Hospital (CAH) Changes To Promote Innovation, Flexibility, and Improvement in Patient Care",discharge_plan,51813,https://www.govinfo.gov/content/pkg/FR-2019-09-30/pdf/2019-20736.pdf
The person has a discharge plan.,"Medicare and Medicaid Programs; Regulatory Provisions To Promote Program Efficiency, Transparency, and Burden Reduction; Fire Safety Requirements for Certain Dialysis Facilities; Hospital and Critical Access Hospital (CAH) Changes To Promote Innovation, Flexibility, and Improvement in Patient Care",discharge_plan,51813,https://www.govinfo.gov/content/pkg/FR-2019-09-30/pdf/2019-20736.pdf
The person's discharge plan includes their goals and treatment preferences.,mcl-Act-368-of-1978,discharge_plan,681,https://www.legislature.mi.gov/%28S%28wkcj5gp0teajkdmoatbd5ap2%29%29/documents/mcl/pdf/mcl-Act-368-of-1978.pdf
The person or the person's caregiver/support person are included in the development of the discharge plan.,mcl-Act-368-of-1978,discharge_plan,681,https://www.legislature.mi.gov/%28S%28wkcj5gp0teajkdmoatbd5ap2%29%29/documents/mcl/pdf/mcl-Act-368-of-1978.pdf
"A qualified individual is designated to coordinate care, assessments , and plan implementation.",Medicare and Medicaid Programs: Hospice Conditions of Participation,implement_plan,32163,https://www.govinfo.gov/content/pkg/FR-2008-06-05/pdf/08-1305.pdf
The person's s upports coordination for plan implementation is separate from ongoing service provision they receive.,Medicaid Provider Manual,implement_plan,472,http://www.mdch.state.mi.us/dch-medicaid/manuals/MedicaidProviderManual.pdf
The person has access to information about support available to them.,Person-Centered Planning Practice Guideline,independent_facilitation,10,https://www.michigan.gov/documents/mdhhs/Person-Centered_Planning_Practice_Guideline_702780_7.pdf
The person has the opportunity to delegate facilitation to an independent facilitator.,Medicaid Provider Manual,independent_facilitation,445,http://www.mdch.state.mi.us/dch-medicaid/manuals/MedicaidProviderManual.pdf
The person has the opportunity to delegate facilitation to an independent facilitator.,Medicaid Provider Manual,independent_facilitation,446,http://www.mdch.state.mi.us/dch-medicaid/manuals/MedicaidProviderManual.pdf
The person has the opportunity to delegate facilitation to an independent facilitator.,Medicaid Provider Manual,independent_facilitation,471,http://www.mdch.state.mi.us/dch-medicaid/manuals/MedicaidProviderManual.pdf
The person has the opportunity to delegate facilitation to an independent facilitator.,FY20 PIHP Contract Bundle,independent_facilitation,155,docs/FY20 PIHP Contract Bundle.pdf
The person has the opportunity to select their independent facilitator.,FY20 PIHP Contract Bundle,independent_facilitation,258,docs/FY20 PIHP Contract Bundle.pdf
The person has the opportunity to select their independent facilitator.,FY20 PIHP Contract Bundle,independent_facilitation,258,docs/FY20 PIHP Contract Bundle.pdf
The person's PCP Meeting is free of unsolicited guidance about health risks and well-being.,Person-Centered Planning Practice Guideline,pcp_meeting,5,https://www.michigan.gov/documents/mdhhs/Person-Centered_Planning_Practice_Guideline_702780_7.pdf
The person's PCP Meeting is free of unsolicited guidance about health risks and well-being.,Person-Centered Planning Practice Guideline,pcp_meeting,7,https://www.michigan.gov/documents/mdhhs/Person-Centered_Planning_Practice_Guideline_702780_7.pdf
The person sets the PCP Meeting agenda.,FY20 PIHP Contract Bundle,pcp_meeting,151,docs/FY20 PIHP Contract Bundle.pdf
The person receives updated screening and evaluation at least annually.,Medicaid Provider Manual,periodic_review,1281,http://www.mdch.state.mi.us/dch-medicaid/manuals/MedicaidProviderManual.pdf
"The person receives updated screening and evaluation, including identification of mental health and specialized service needs.",Medicaid Provider Manual,periodic_review,1284,http://www.mdch.state.mi.us/dch-medicaid/manuals/MedicaidProviderManual.pdf
"The person receives updated screening and evaluation, including identification of mental health and specialized service needs.",Medicaid Provider Manual,periodic_review,1309,http://www.mdch.state.mi.us/dch-medicaid/manuals/MedicaidProviderManual.pdf
The person's care can be measured and is transparent.,Medicare and Medicaid Programs; Conditions for Coverage for End-Stage Renal Disease Facilities,person_centered_practice,20371,https://www.govinfo.gov/content/pkg/FR-2008-04-15/pdf/08-1102.pdf
The person's care can be measured and is transparent.,Medicare and Medicaid Programs; Conditions for Coverage for End-Stage Renal Disease Facilities,person_centered_practice,20450,https://www.govinfo.gov/content/pkg/FR-2008-04-15/pdf/08-1102.pdf
The person's care can be measured and is transparent.,Medicare and Medicaid Programs; Conditions for Coverage for End-Stage Renal Disease Facilities,person_centered_practice,20450,https://www.govinfo.gov/content/pkg/FR-2008-04-15/pdf/08-1102.pdf
The person is in charge of their care.,Medicare and Medicaid Programs: Hospice Conditions of Participation,person_centered_practice,32088,https://www.govinfo.gov/content/pkg/FR-2008-06-05/pdf/08-1305.pdf
The person is in charge of their care.,Medicare and Medicaid Programs: Hospice Conditions of Participation,person_centered_practice,32088,https://www.govinfo.gov/content/pkg/FR-2008-06-05/pdf/08-1305.pdf
The person is in charge of their care.,Medicare and Medicaid Programs; Electronic Health Record Incentive Program,person_centered_practice,44321,https://www.govinfo.gov/content/pkg/FR-2010-07-28/pdf/2010-17207.pdf
The person is in charge of their care.,Medicare and Medicaid Programs; Electronic Health Record Incentive Program,person_centered_practice,44380,https://www.govinfo.gov/content/pkg/FR-2010-07-28/pdf/2010-17207.pdf
The person is in charge of their care.,Medicaid Program; Community First Choice Option,person_centered_practice,26850,https://www.govinfo.gov/content/pkg/FR-2012-05-07/pdf/2012-10294.pdf
The person has choice in how their care is provided.,Medicaid Program; Community First Choice Option,person_centered_practice,26850,https://www.govinfo.gov/content/pkg/FR-2012-05-07/pdf/2012-10294.pdf
The person's care options are based on data found in assessments.,Medicaid Program; Community First Choice Option,person_centered_practice,26860,https://www.govinfo.gov/content/pkg/FR-2012-05-07/pdf/2012-10294.pdf
The person's care options are based on what is important to the person.,Medicaid Program; Community First Choice Option,person_centered_practice,26860,https://www.govinfo.gov/content/pkg/FR-2012-05-07/pdf/2012-10294.pdf
The person's care options are based on what is important to the person.,Medicaid Program; Community First Choice Option,person_centered_practice,26860,https://www.govinfo.gov/content/pkg/FR-2012-05-07/pdf/2012-10294.pdf
The person is in charge of their care.,Medicaid Program; Community First Choice Option,person_centered_practice,26860,https://www.govinfo.gov/content/pkg/FR-2012-05-07/pdf/2012-10294.pdf
The person is in charge of their care.,Medicaid Program; Community First Choice Option,person_centered_practice,26860,https://www.govinfo.gov/content/pkg/FR-2012-05-07/pdf/2012-10294.pdf
The person's preference for any home- and community-based settings are considered and recorded.,Medicaid Program; Community First Choice Option,person_centered_practice,26860,https://www.govinfo.gov/content/pkg/FR-2012-05-07/pdf/2012-10294.pdf
The person's care options are based on data found in assessments.,Medicaid Program; Community First Choice Option,person_centered_practice,26860,https://www.govinfo.gov/content/pkg/FR-2012-05-07/pdf/2012-10294.pdf
The person's planning process is free of conflict of interest.,Medicaid Program; Community First Choice Option,person_centered_practice,26894,https://www.govinfo.gov/content/pkg/FR-2012-05-07/pdf/2012-10294.pdf
The person's planning process is free of conflict of interest.,Medicaid Program; Community First Choice Option,person_centered_practice,26894,https://www.govinfo.gov/content/pkg/FR-2012-05-07/pdf/2012-10294.pdf
The person chooses who attends meetings and planning sessions.,Medicaid Program; Community First Choice Option,person_centered_practice,26898,https://www.govinfo.gov/content/pkg/FR-2012-05-07/pdf/2012-10294.pdf
The person is in charge of their care.,Medicaid Program; Community First Choice Option,person_centered_practice,26898,https://www.govinfo.gov/content/pkg/FR-2012-05-07/pdf/2012-10294.pdf
The person is informed of their options before they make a choice .,Medicaid Program; Community First Choice Option,person_centered_practice,26898,https://www.govinfo.gov/content/pkg/FR-2012-05-07/pdf/2012-10294.pdf
The person's planning is done at a time and location they choose.,Medicaid Program; Community First Choice Option,person_centered_practice,26898,https://www.govinfo.gov/content/pkg/FR-2012-05-07/pdf/2012-10294.pdf
The person's preference for any home- and community-based settings are considered and recorded.,Medicaid Program; Community First Choice Option,person_centered_practice,26898,https://www.govinfo.gov/content/pkg/FR-2012-05-07/pdf/2012-10294.pdf
The person's planning process is free of conflict of interest.,Medicaid Program; Community First Choice Option,person_centered_practice,26898,https://www.govinfo.gov/content/pkg/FR-2012-05-07/pdf/2012-10294.pdf
The person's care can be measured and is transparent.,Medicare and Medicaid Programs; Electronic Health Record Incentive Program-Stage 2,person_centered_practice,53972,https://www.govinfo.gov/content/pkg/FR-2012-09-04/pdf/2012-21050.pdf
The person's preference for any home- and community-based settings are considered and recorded.,"Medicaid Program; State Plan Home and Community-Based Services, 5-Year Period for Waivers, Provider Payment Reassignment, and Home and Community-Based Setting Requirements for Community First Choice and Home and Community-Based Services (HCBS) Waivers",person_centered_practice,2948,https://www.govinfo.gov/content/pkg/FR-2014-01-16/pdf/2014-00487.pdf
The person is in charge of their care.,"Medicaid Program; State Plan Home and Community-Based Services, 5-Year Period for Waivers, Provider Payment Reassignment, and Home and Community-Based Setting Requirements for Community First Choice and Home and Community-Based Services (HCBS) Waivers",person_centered_practice,3004,https://www.govinfo.gov/content/pkg/FR-2014-01-16/pdf/2014-00487.pdf
The person is in charge of their care.,"Medicaid Program; State Plan Home and Community-Based Services, 5-Year Period for Waivers, Provider Payment Reassignment, and Home and Community-Based Setting Requirements for Community First Choice and Home and Community-Based Services (HCBS) Waivers",person_centered_practice,3004,https://www.govinfo.gov/content/pkg/FR-2014-01-16/pdf/2014-00487.pdf
The person's care options are based on what is important to the person.,"Medicaid Program; State Plan Home and Community-Based Services, 5-Year Period for Waivers, Provider Payment Reassignment, and Home and Community-Based Setting Requirements for Community First Choice and Home and Community-Based Services (HCBS) Waivers",person_centered_practice,3004,https://www.govinfo.gov/content/pkg/FR-2014-01-16/pdf/2014-00487.pdf
The person is in charge of their care.,"Medicaid Program; State Plan Home and Community-Based Services, 5-Year Period for Waivers, Provider Payment Reassignment, and Home and Community-Based Setting Requirements for Community First Choice and Home and Community-Based Services (HCBS) Waivers",person_centered_practice,3004,https://www.govinfo.gov/content/pkg/FR-2014-01-16/pdf/2014-00487.pdf
The person is informed on their options for planning and care.,"Medicaid Program; State Plan Home and Community-Based Services, 5-Year Period for Waivers, Provider Payment Reassignment, and Home and Community-Based Setting Requirements for Community First Choice and Home and Community-Based Services (HCBS) Waivers",person_centered_practice,3008,https://www.govinfo.gov/content/pkg/FR-2014-01-16/pdf/2014-00487.pdf
The person is informed on their options for planning and care.,"Medicaid Program; State Plan Home and Community-Based Services, 5-Year Period for Waivers, Provider Payment Reassignment, and Home and Community-Based Setting Requirements for Community First Choice and Home and Community-Based Services (HCBS) Waivers",person_centered_practice,3008,https://www.govinfo.gov/content/pkg/FR-2014-01-16/pdf/2014-00487.pdf
The person is in charge of their care.,"Medicaid Program; State Plan Home and Community-Based Services, 5-Year Period for Waivers, Provider Payment Reassignment, and Home and Community-Based Setting Requirements for Community First Choice and Home and Community-Based Services (HCBS) Waivers",person_centered_practice,3008,https://www.govinfo.gov/content/pkg/FR-2014-01-16/pdf/2014-00487.pdf
The person is in charge of their care.,"Medicaid Program; State Plan Home and Community-Based Services, 5-Year Period for Waivers, Provider Payment Reassignment, and Home and Community-Based Setting Requirements for Community First Choice and Home and Community-Based Services (HCBS) Waivers",person_centered_practice,3008,https://www.govinfo.gov/content/pkg/FR-2014-01-16/pdf/2014-00487.pdf
The person is in charge of their care.,"Medicaid Program; State Plan Home and Community-Based Services, 5-Year Period for Waivers, Provider Payment Reassignment, and Home and Community-Based Setting Requirements for Community First Choice and Home and Community-Based Services (HCBS) Waivers",person_centered_practice,3027,https://www.govinfo.gov/content/pkg/FR-2014-01-16/pdf/2014-00487.pdf
The person's care options are based on what is important to the person.,"Medicaid Program; State Plan Home and Community-Based Services, 5-Year Period for Waivers, Provider Payment Reassignment, and Home and Community-Based Setting Requirements for Community First Choice and Home and Community-Based Services (HCBS) Waivers",person_centered_practice,3027,https://www.govinfo.gov/content/pkg/FR-2014-01-16/pdf/2014-00487.pdf
The person's care options are based on data found in assessments.,"Medicaid Program; State Plan Home and Community-Based Services, 5-Year Period for Waivers, Provider Payment Reassignment, and Home and Community-Based Setting Requirements for Community First Choice and Home and Community-Based Services (HCBS) Waivers",person_centered_practice,3027,https://www.govinfo.gov/content/pkg/FR-2014-01-16/pdf/2014-00487.pdf
The person's Person-Centered practice is informed by best practice and researched strategies.,"Medicaid Program; State Plan Home and Community-Based Services, 5-Year Period for Waivers, Provider Payment Reassignment, and Home and Community-Based Setting Requirements for Community First Choice and Home and Community-Based Services (HCBS) Waivers",person_centered_practice,3027,https://www.govinfo.gov/content/pkg/FR-2014-01-16/pdf/2014-00487.pdf
The person decides who is involved in their planning and care.,"Medicaid Program; State Plan Home and Community-Based Services, 5-Year Period for Waivers, Provider Payment Reassignment, and Home and Community-Based Setting Requirements for Community First Choice and Home and Community-Based Services (HCBS) Waivers",person_centered_practice,3027,https://www.govinfo.gov/content/pkg/FR-2014-01-16/pdf/2014-00487.pdf
The person decides who is involved in their planning and care.,"Medicaid Program; State Plan Home and Community-Based Services, 5-Year Period for Waivers, Provider Payment Reassignment, and Home and Community-Based Setting Requirements for Community First Choice and Home and Community-Based Services (HCBS) Waivers",person_centered_practice,3027,https://www.govinfo.gov/content/pkg/FR-2014-01-16/pdf/2014-00487.pdf
The person communicates in a way best for them.,Medicare and Medicaid Programs; Electronic Health Record Incentive Program-Stage 3 and Modifications to Meaningful Use in 2015 Through 2017,person_centered_practice,62841,https://www.govinfo.gov/content/pkg/FR-2015-10-16/pdf/2015-25595.pdf
The person communicates in a way best for them.,Medicare and Medicaid Programs; Electronic Health Record Incentive Program-Stage 3 and Modifications to Meaningful Use in 2015 Through 2017,person_centered_practice,62846,https://www.govinfo.gov/content/pkg/FR-2015-10-16/pdf/2015-25595.pdf
The person communicates in a way best for them.,Medicare and Medicaid Programs; Electronic Health Record Incentive Program-Stage 3 and Modifications to Meaningful Use in 2015 Through 2017,person_centered_practice,62846,https://www.govinfo.gov/content/pkg/FR-2015-10-16/pdf/2015-25595.pdf
The person communicates in a way best for them.,Medicare and Medicaid Programs; Electronic Health Record Incentive Program-Stage 3 and Modifications to Meaningful Use in 2015 Through 2017,person_centered_practice,62846,https://www.govinfo.gov/content/pkg/FR-2015-10-16/pdf/2015-25595.pdf
The person chooses what care options they receive or do not receive.,Medicare and Medicaid Programs; CY 2016 Home Health Prospective Payment System Rate Update; Home Health Value-Based Purchasing Model; and Home Health Quality Reporting Requirements,person_centered_practice,68696,https://www.govinfo.gov/content/pkg/FR-2015-11-05/pdf/2015-27931.pdf
The person is in charge of their care.,NA,person_centered_practice,27651,NA
The person is in charge of their life.,Medicare and Medicaid Programs; Reform of Requirements for Long-Term Care Facilities,person_centered_practice,68704,https://www.govinfo.gov/content/pkg/FR-2016-10-04/pdf/2016-23503.pdf
The person's care can be measured and is transparent.,Medicare and Medicaid Program: Conditions of Participation for Home Health Agencies,person_centered_practice,4505,https://www.govinfo.gov/content/pkg/FR-2017-01-13/pdf/2017-00283.pdf
The person is informed on their options for planning and care.,"Medicare Program; Hospital Inpatient Prospective Payment Systems for Acute Care Hospitals and the Long-Term Care Hospital Prospective Payment System and Policy Changes and Fiscal Year 2018 Rates; Quality Reporting Requirements for Specific Providers; Medicare and Medicaid Electronic Health Record (EHR) Incentive Program Requirements for Eligible Hospitals, Critical Access Hospitals, and Eligible Professionals; Provider-Based Status of Indian Health Service and Tribal Facilities and Organizations; Costs Reporting and Provider Requirements; Agreement Termination Notices",person_centered_practice,38331,https://www.govinfo.gov/content/pkg/FR-2017-08-14/pdf/2017-16434.pdf
The person communicates in a way best for them.,"Medicare Program; Hospital Inpatient Prospective Payment Systems for Acute Care Hospitals and the Long-Term Care Hospital Prospective Payment System and Policy Changes and Fiscal Year 2018 Rates; Quality Reporting Requirements for Specific Providers; Medicare and Medicaid Electronic Health Record (EHR) Incentive Program Requirements for Eligible Hospitals, Critical Access Hospitals, and Eligible Professionals; Provider-Based Status of Indian Health Service and Tribal Facilities and Organizations; Costs Reporting and Provider Requirements; Agreement Termination Notices",person_centered_practice,38332,https://www.govinfo.gov/content/pkg/FR-2017-08-14/pdf/2017-16434.pdf
The person communicates in a way best for them.,Medicare Shared Savings Program-Accountable Care Organizations-Pathways to Success; and Expanding the Use of Telehealth Services for the Treatment of Opioid Use Disorder Under the Substance Use-Disorder Prevention That Promotes Opioid Recovery and Treatment (SUPPORT) for Patients and Communities Act,person_centered_practice,59812,https://www.govinfo.gov/content/pkg/FR-2018-11-23/pdf/2018-24170.pdf
The person has a choice to take risks.,Medicaid Program; Self-Directed Personal Assistance Services Program State Plan Option (Cash and Counseling),person_centered_practice,57876,https://www.govinfo.gov/content/pkg/FR-2008-10-03/pdf/E8-23102.pdf
The person's care options are based on data found in assessments.,Medicaid Provider Manual,person_centered_practice,706,http://www.mdch.state.mi.us/dch-medicaid/manuals/MedicaidProviderManual.pdf
The person has choice in how their care is provided.,CCBHC Criteria,person_centered_practice,23,https://www.samhsa.gov/sites/default/files/programs_campaigns/ccbhc-criteria.pdf
The person is in charge of their care.,CCBHC Criteria,person_centered_practice,34,https://www.samhsa.gov/sites/default/files/programs_campaigns/ccbhc-criteria.pdf
The person's culture is prioritized.,CCBHC Criteria,person_centered_practice,37,https://www.samhsa.gov/sites/default/files/programs_campaigns/ccbhc-criteria.pdf
The person decides who is involved in their planning and care.,FY20 PIHP Contract Bundle,person_centered_practice,130,docs/FY20 PIHP Contract Bundle.pdf
The person's culture is prioritized.,FY20 PIHP Contract Bundle,person_centered_practice,155,docs/FY20 PIHP Contract Bundle.pdf
The person's culture is prioritized.,FY20 PIHP Contract Bundle,person_centered_practice,212,docs/FY20 PIHP Contract Bundle.pdf
The person has choice in how their care is provided.,FY20 PIHP Contract Bundle,person_centered_practice,237,docs/FY20 PIHP Contract Bundle.pdf
The person is in charge of their care.,FY20 PIHP Contract Bundle,person_centered_practice,418,docs/FY20 PIHP Contract Bundle.pdf
The person is in charge of their resources.,FY20 PIHP Contract Bundle,person_centered_practice,418,docs/FY20 PIHP Contract Bundle.pdf
The person's culture is prioritized.,FY20 PIHP Contract Bundle,person_centered_practice,475,docs/FY20 PIHP Contract Bundle.pdf
The person's culture is prioritized.,FY20 PIHP Contract Bundle,person_centered_practice,476,docs/FY20 PIHP Contract Bundle.pdf
"Resident funds shall be defined as monies, securities, bonds, or stocks.",640_10611_AdminCode,personal_finances,3,https://ars.apps.lara.state.mi.us/AdminCode/DownloadAdminCodeFile?FileName=640_10611_AdminCode.pdf
Resident funds received by a licensee by the resident or licensee must be accepted and secured by the licensee as a trust obligation.,640_10611_AdminCode,personal_finances,23,https://ars.apps.lara.state.mi.us/AdminCode/DownloadAdminCodeFile?FileName=640_10611_AdminCode.pdf
Resident funds received by a licensee by the resident or licensee must be accepted and secured by the licensee as a trust obligation.,640_10611_AdminCode,personal_finances,23,https://ars.apps.lara.state.mi.us/AdminCode/DownloadAdminCodeFile?FileName=640_10611_AdminCode.pdf
"A licensee must maintain a resident record with the minimum information, logs, records including resident funds and valuables record. The resident record shall be kept on file in the home for 2 years after the date of a resident's discharge from the home.",640_10611_AdminCode,personal_finances,26,https://ars.apps.lara.state.mi.us/AdminCode/DownloadAdminCodeFile?FileName=640_10611_AdminCode.pdf
"Resident funds shall be defined as monies, securities, bonds, or stocks.",641_10612_AdminCode,personal_finances,3,https://ars.apps.lara.state.mi.us/AdminCode/DownloadAdminCodeFile?FileName=641_10612_AdminCode.pdf
Charges against a resident's account or a resident's funds shall not exceed the agreed price for the services rendered and good furnished or made available to the resident.,641_10612_AdminCode,personal_finances,24,https://ars.apps.lara.state.mi.us/AdminCode/DownloadAdminCodeFile?FileName=641_10612_AdminCode.pdf
"A licensee must maintain a resident record with the minimum information, logs, records including resident funds and valuables record. The resident record shall be kept on file in the home for 2 years after the date of a resident's discharge from the home.",641_10612_AdminCode,personal_finances,25,https://ars.apps.lara.state.mi.us/AdminCode/DownloadAdminCodeFile?FileName=641_10612_AdminCode.pdf
All changes to a resident's funds shall be documented in the resident record.,622_10593_AdminCode,personal_finances,14,https://ars.apps.lara.state.mi.us/AdminCode/DownloadAdminCodeFile?FileName=622_10593_AdminCode.pdf
All changes to a resident's funds shall be documented in the resident record.,622_10593_AdminCode,personal_finances,14,https://ars.apps.lara.state.mi.us/AdminCode/DownloadAdminCodeFile?FileName=622_10593_AdminCode.pdf
Bonds held by a licensee must meet minimum requirements and be calculated based on average resident funds.,mcl-Act-368-of-1978,personal_finances,633,https://www.legislature.mi.gov/%28S%28wkcj5gp0teajkdmoatbd5ap2%29%29/documents/mcl/pdf/mcl-Act-368-of-1978.pdf
Person has access to pre-planning process as soon as screening and coverage determination are complete.,Access Standards,pre_planning,4,https://www.michigan.gov/documents/mdhhs/Access_Standards_702741_7.pdf
The person's options for work are encouraged in each pre-planning meeting.,Employment Works! Policy,pre_planning,1,https://www.michigan.gov/documents/mdhhs/Employment_Works_Policy_702766_7.pdf
The person's employment options are documented during each pre-planning meeting .,Employment Works! Policy,pre_planning,1,https://www.michigan.gov/documents/mdhhs/Employment_Works_Policy_702766_7.pdf
The person's independent facilitator assists them with all pre-planning activities.,Person-Centered Planning Practice Guideline,pre_planning,6,https://www.michigan.gov/documents/mdhhs/Person-Centered_Planning_Practice_Guideline_702780_7.pdf
The pre-planning process is used to set agenda for PCP meeting.,Person-Centered Planning Practice Guideline,pre_planning,7,https://www.michigan.gov/documents/mdhhs/Person-Centered_Planning_Practice_Guideline_702780_7.pdf
The person receives training in pre-planning.,Person-Centered Planning Practice Guideline,pre_planning,10,https://www.michigan.gov/documents/mdhhs/Person-Centered_Planning_Practice_Guideline_702780_7.pdf
The person approves roles and responsibilities for themselves and others in pre-planning .,Person-Centered Planning Practice Guideline,pre_planning,11,https://www.michigan.gov/documents/mdhhs/Person-Centered_Planning_Practice_Guideline_702780_7.pdf
Person has access to pre-planning process as soon as screening and coverage determination are complete.,FY20 PIHP Contract Bundle,pre_planning,133,docs/FY20 PIHP Contract Bundle.pdf
The person's independent facilitator assists them with all pre-planning activities.,FY20 PIHP Contract Bundle,pre_planning,150,docs/FY20 PIHP Contract Bundle.pdf
The pre-planning process is used to set agenda for PCP meeting.,FY20 PIHP Contract Bundle,pre_planning,151,docs/FY20 PIHP Contract Bundle.pdf
A young person's parent or guardian is involved in their pre-planning.,FY20 PIHP Contract Bundle,pre_planning,258,docs/FY20 PIHP Contract Bundle.pdf
The person's options for work are encouraged in each pre-planning meeting.,FY20 PIHP Contract Bundle,pre_planning,401,docs/FY20 PIHP Contract Bundle.pdf
The person's employment options are documented during each pre-planning meeting .,FY20 PIHP Contract Bundle,pre_planning,401,docs/FY20 PIHP Contract Bundle.pdf
The person has access to relevant educational resources on request.,Medicare and Medicaid Programs; Electronic Health Record Incentive Program,train_plan,44331,https://www.govinfo.gov/content/pkg/FR-2010-07-28/pdf/2010-17207.pdf
The person has access to relevant education resources at appropriate literacy level.,Medicare and Medicaid Programs; Electronic Health Record Incentive Program-Stage 2,train_plan,53985,https://www.govinfo.gov/content/pkg/FR-2012-09-04/pdf/2012-21050.pdf
The person has access to relevant education resources at appropriate cultural competency level.,Medicare and Medicaid Programs; Electronic Health Record Incentive Program-Stage 2,train_plan,53985,https://www.govinfo.gov/content/pkg/FR-2012-09-04/pdf/2012-21050.pdf
The person has access to relevant educational resources on request.,Medicare and Medicaid Programs; Electronic Health Record Incentive Program-Stage 2,train_plan,53985,https://www.govinfo.gov/content/pkg/FR-2012-09-04/pdf/2012-21050.pdf
The person has access to relevant educational resources on request.,"Medicare Program; Revisions to Payment Policies Under the Physician Fee Schedule, Clinical Laboratory Fee Schedule, Access to Identifiable Data for the Center for Medicare and Medicaid Innovation Models & Other Revisions to Part B for CY 2015",train_plan,67721,https://www.govinfo.gov/content/pkg/FR-2014-11-13/pdf/2014-26183.pdf
The person has access to relevant educational resources on request.,"Medicare Program; Revisions to Payment Policies Under the Physician Fee Schedule, Clinical Laboratory Fee Schedule, Access to Identifiable Data for the Center for Medicare and Medicaid Innovation Models & Other Revisions to Part B for CY 2015",train_plan,67881,https://www.govinfo.gov/content/pkg/FR-2014-11-13/pdf/2014-26183.pdf
The person's plan identifies education and training specific to personal needs.,Medicare and Medicaid Program: Conditions of Participation for Home Health Agencies,train_plan,4508,https://www.govinfo.gov/content/pkg/FR-2017-01-13/pdf/2017-00283.pdf
The person's plan communicate who is responsible for implementing and monitoring the plan.,Medicare and Medicaid Program: Conditions of Participation for Home Health Agencies,train_plan,4508,https://www.govinfo.gov/content/pkg/FR-2017-01-13/pdf/2017-00283.pdf
The person's plan communicate who is responsible for implementing and monitoring the plan.,Medicare and Medicaid Program: Conditions of Participation for Home Health Agencies,train_plan,4510,https://www.govinfo.gov/content/pkg/FR-2017-01-13/pdf/2017-00283.pdf
The person has personalized education related to all of their medications.,Medicare and Medicaid Programs; CY 2018 Home Health Prospective Payment System Rate Update and CY 2019 Case-Mix Adjustment Methodology Refinements; Home Health Value-Based Purchasing Model; and Home Health Quality Reporting Requirements,train_plan,51717,https://www.govinfo.gov/content/pkg/FR-2017-11-07/pdf/2017-23935.pdf
The person has access to relevant educational resources on request.,Medicare Shared Savings Program-Accountable Care Organizations-Pathways to Success; and Expanding the Use of Telehealth Services for the Treatment of Opioid Use Disorder Under the Substance Use-Disorder Prevention That Promotes Opioid Recovery and Treatment (SUPPORT) for Patients and Communities Act,train_plan,59796,https://www.govinfo.gov/content/pkg/FR-2018-11-23/pdf/2018-24170.pdf
The person has personalized education related to all of their medications.,mcl-Act-368-of-1978,train_plan,637,https://www.legislature.mi.gov/%28S%28wkcj5gp0teajkdmoatbd5ap2%29%29/documents/mcl/pdf/mcl-Act-368-of-1978.pdf
